<?xml version="1.0"?>
<d:devices
    xmlns:xsi="http://www.w3.org/2001/XMLSchema-instance"
    xmlns:d="http://schemas.android.com/sdk/devices/1">

    <d:device>
        <d:name>
            2.7in QVGA
        </d:name>
        <d:manufacturer>
            Generic
        </d:manufacturer>
        <d:hardware>
            <d:screen>
                <d:screen-size>small</d:screen-size>
                <d:diagonal-length>2.7</d:diagonal-length>
                <d:pixel-density>ldpi</d:pixel-density>
                <d:screen-ratio>notlong</d:screen-ratio>
                <d:dimensions>
                    <d:x-dimension>240</d:x-dimension>
                    <d:y-dimension>320</d:y-dimension>
                </d:dimensions>
                <d:xdpi>145</d:xdpi>
                <d:ydpi>145</d:ydpi>
                <d:touch>
                    <d:multitouch>distinct</d:multitouch>
                    <d:mechanism>finger</d:mechanism>
                    <d:screen-type>capacitive</d:screen-type>
                </d:touch>
            </d:screen>
            <d:networking>
                Bluetooth
                Wifi
                NFC
            </d:networking>
            <d:sensors>
                Accelerometer
                Barometer
                Gyroscope
                Compass
                GPS
                ProximitySensor
            </d:sensors>
            <d:mic>true</d:mic>
            <d:camera>
                <d:location>back</d:location>
                <d:autofocus>true</d:autofocus>
                <d:flash>true</d:flash>
            </d:camera>
            <d:keyboard>nokeys</d:keyboard>
            <d:nav>nonav</d:nav>
            <d:ram unit="MiB">512</d:ram>
            <d:buttons>hard</d:buttons>
            <d:internal-storage unit="GiB">8</d:internal-storage>
            <d:removable-storage unit="MiB"></d:removable-storage>
            <d:cpu>OMAP 9001</d:cpu>
            <d:gpu>Ultra Nexus 3D S++</d:gpu>
            <d:abi>
                armeabi
                armeabi-v7a
                mips
                x86
            </d:abi>
            <d:dock>
                car
                television
                desk
            </d:dock>
            <d:power-type>battery</d:power-type>
        </d:hardware>

        <d:software>
            <d:api-level>-</d:api-level>
            <d:live-wallpaper-support>true</d:live-wallpaper-support>
            <d:bluetooth-profiles />
            <d:gl-version>2.1</d:gl-version>
            <d:gl-extensions />
            <d:status-bar>true</d:status-bar>
        </d:software>

        <d:state name="Portrait" default="true">
            <d:description>The phone in portrait view</d:description>
            <d:screen-orientation>port</d:screen-orientation>
            <d:keyboard-state>keyssoft</d:keyboard-state>
            <d:nav-state>navhidden</d:nav-state>
        </d:state>
        <d:state name="Landscape">
            <d:description>The phone in landscape view</d:description>
            <d:screen-orientation>land</d:screen-orientation>
            <d:keyboard-state>keyssoft</d:keyboard-state>
            <d:nav-state>navhidden</d:nav-state>
        </d:state>
    </d:device>

    <d:device>
        <d:name>
            2.7in QVGA slider
        </d:name>
        <d:manufacturer>
            Generic
        </d:manufacturer>
        <d:hardware>
            <d:screen>
                <d:screen-size>small</d:screen-size>
                <d:diagonal-length>2.7</d:diagonal-length>
                <d:pixel-density>ldpi</d:pixel-density>
                <d:screen-ratio>notlong</d:screen-ratio>
                <d:dimensions>
                    <d:x-dimension>240</d:x-dimension>
                    <d:y-dimension>320</d:y-dimension>
                </d:dimensions>
                <d:xdpi>145</d:xdpi>
                <d:ydpi>145</d:ydpi>
                <d:touch>
                    <d:multitouch>distinct</d:multitouch>
                    <d:mechanism>finger</d:mechanism>
                    <d:screen-type>capacitive</d:screen-type>
                </d:touch>
            </d:screen>
            <d:networking>
                Bluetooth
                Wifi
                NFC
            </d:networking>
            <d:sensors>
                Accelerometer
                Barometer
                Gyroscope
                Compass
                GPS
                ProximitySensor
            </d:sensors>
            <d:mic>true</d:mic>
            <d:camera>
                <d:location>back</d:location>
                <d:autofocus>true</d:autofocus>
                <d:flash>true</d:flash>
            </d:camera>
            <d:keyboard>qwerty</d:keyboard>
            <d:nav>nonav</d:nav>
            <d:ram unit="MiB">512</d:ram>
            <d:buttons>hard</d:buttons>
            <d:internal-storage unit="GiB">8</d:internal-storage>
            <d:removable-storage unit="MiB"></d:removable-storage>
            <d:cpu>OMAP 9001</d:cpu>
            <d:gpu>Ultra Nexus 3D S++</d:gpu>
            <d:abi>
                armeabi
                armeabi-v7a
                mips
                x86
            </d:abi>
            <d:dock>
                car
                television
                desk
            </d:dock>
            <d:power-type>battery</d:power-type>
        </d:hardware>

        <d:software>
            <d:api-level>-</d:api-level>
            <d:live-wallpaper-support>true</d:live-wallpaper-support>
            <d:bluetooth-profiles />
            <d:gl-version>2.1</d:gl-version>
            <d:gl-extensions />
            <d:status-bar>true</d:status-bar>
        </d:software>

        <d:state name="Portrait" default="true">
            <d:description>The phone in portrait view</d:description>
            <d:screen-orientation>port</d:screen-orientation>
            <d:keyboard-state>keyssoft</d:keyboard-state>
            <d:nav-state>navhidden</d:nav-state>
        </d:state>
        <d:state name="Landscape, closed">
            <d:description>The phone in landscape view with the keyboard closed</d:description>
            <d:screen-orientation>land</d:screen-orientation>
            <d:keyboard-state>keyshidden</d:keyboard-state>
            <d:nav-state>navhidden</d:nav-state>
        </d:state>
        <d:state name="Landscape, open">
            <d:description>The phone in landscape view with the keyboard open</d:description>
            <d:screen-orientation>land</d:screen-orientation>
            <d:keyboard-state>keysexposed</d:keyboard-state>
            <d:nav-state>navexposed</d:nav-state>
        </d:state>
    </d:device>

    <d:device>
        <d:name>
            3.2in HVGA slider (ADP1)
        </d:name>
        <d:manufacturer>
            Generic
        </d:manufacturer>
        <d:hardware>
            <d:screen>
                <d:screen-size>normal</d:screen-size>
                <d:diagonal-length>3.2</d:diagonal-length>
                <d:pixel-density>mdpi</d:pixel-density>
                <d:screen-ratio>notlong</d:screen-ratio>
                <d:dimensions>
                    <d:x-dimension>320</d:x-dimension>
                    <d:y-dimension>480</d:y-dimension>
                </d:dimensions>
                <d:xdpi>180.6</d:xdpi>
                <d:ydpi>182</d:ydpi>
                <d:touch>
                    <d:multitouch>distinct</d:multitouch>
                    <d:mechanism>finger</d:mechanism>
                    <d:screen-type>capacitive</d:screen-type>
                </d:touch>
            </d:screen>
            <d:networking>
                Bluetooth
                Wifi
                NFC
            </d:networking>
            <d:sensors>
                Accelerometer
                Barometer
                Gyroscope
                Compass
                GPS
                ProximitySensor
            </d:sensors>
            <d:mic>true</d:mic>
            <d:camera>
                <d:location>back</d:location>
                <d:autofocus>true</d:autofocus>
                <d:flash>true</d:flash>
            </d:camera>
            <d:keyboard>qwerty</d:keyboard>
            <d:nav>nonav</d:nav>
            <d:ram unit="MiB">512</d:ram>
            <d:buttons>hard</d:buttons>
            <d:internal-storage unit="GiB">8</d:internal-storage>
            <d:removable-storage unit="MiB"></d:removable-storage>
            <d:cpu>OMAP 9001</d:cpu>
            <d:gpu>Ultra Nexus 3D S++</d:gpu>
            <d:abi>
                armeabi
                armeabi-v7a
                mips
                x86
            </d:abi>
            <d:dock>
                car
                television
                desk
            </d:dock>
            <d:power-type>battery</d:power-type>
        </d:hardware>

        <d:software>
            <d:api-level>-</d:api-level>
            <d:live-wallpaper-support>true</d:live-wallpaper-support>
            <d:bluetooth-profiles />
            <d:gl-version>2.1</d:gl-version>
            <d:gl-extensions />
            <d:status-bar>true</d:status-bar>
        </d:software>

        <d:state name="Portrait" default="true">
            <d:description>The phone in portrait view</d:description>
            <d:screen-orientation>port</d:screen-orientation>
            <d:keyboard-state>keyshidden</d:keyboard-state>
            <d:nav-state>navhidden</d:nav-state>
        </d:state>
        <d:state name="Landscape, closed">
            <d:description>The phone in landscape view with the keyboard closed</d:description>
            <d:screen-orientation>land</d:screen-orientation>
            <d:keyboard-state>keyshidden</d:keyboard-state>
            <d:nav-state>navhidden</d:nav-state>
        </d:state>
        <d:state name="Landscape, open">
            <d:description>The phone in landscape view with the keyboard open</d:description>
            <d:screen-orientation>land</d:screen-orientation>
            <d:keyboard-state>keysexposed</d:keyboard-state>
            <d:nav-state>navexposed</d:nav-state>
        </d:state>
    </d:device>

    <d:device>
        <d:name>
            3.2in QVGA (ADP2)
        </d:name>
        <d:manufacturer>
            Generic
        </d:manufacturer>
        <d:hardware>
            <d:screen>
                <d:screen-size>normal</d:screen-size>
                <d:diagonal-length>3.2</d:diagonal-length>
                <d:pixel-density>mdpi</d:pixel-density>
                <d:screen-ratio>notlong</d:screen-ratio>
                <d:dimensions>
                    <d:x-dimension>320</d:x-dimension>
                    <d:y-dimension>480</d:y-dimension>
                </d:dimensions>
                <d:xdpi>180.6</d:xdpi>
                <d:ydpi>182</d:ydpi>
                <d:touch>
                    <d:multitouch>distinct</d:multitouch>
                    <d:mechanism>finger</d:mechanism>
                    <d:screen-type>capacitive</d:screen-type>
                </d:touch>
            </d:screen>
            <d:networking>
                Bluetooth
                Wifi
                NFC
            </d:networking>
            <d:sensors>
                Accelerometer
                Barometer
                Gyroscope
                Compass
                GPS
                ProximitySensor
            </d:sensors>
            <d:mic>true</d:mic>
            <d:camera>
                <d:location>back</d:location>
                <d:autofocus>true</d:autofocus>
                <d:flash>true</d:flash>
            </d:camera>
            <d:keyboard>nokeys</d:keyboard>
            <d:nav>trackball</d:nav>
            <d:ram unit="MiB">512</d:ram>
            <d:buttons>hard</d:buttons>
            <d:internal-storage unit="GiB">8</d:internal-storage>
            <d:removable-storage unit="MiB"></d:removable-storage>
            <d:cpu>OMAP 9001</d:cpu>
            <d:gpu>Ultra Nexus 3D S++</d:gpu>
            <d:abi>
                armeabi
                armeabi-v7a
                mips
                x86
            </d:abi>
            <d:dock>
                car
                television
                desk
            </d:dock>
            <d:power-type>battery</d:power-type>
        </d:hardware>

        <d:software>
            <d:api-level>-</d:api-level>
            <d:live-wallpaper-support>true</d:live-wallpaper-support>
            <d:bluetooth-profiles />
            <d:gl-version>2.1</d:gl-version>
            <d:gl-extensions />
            <d:status-bar>true</d:status-bar>
        </d:software>

        <d:state name="Portrait" default="true">
            <d:description>The phone in portrait view</d:description>
            <d:screen-orientation>port</d:screen-orientation>
            <d:keyboard-state>keyssoft</d:keyboard-state>
            <d:nav-state>navexposed</d:nav-state>
        </d:state>
        <d:state name="Landscape">
            <d:description>The phone in landscape view</d:description>
            <d:screen-orientation>land</d:screen-orientation>
            <d:keyboard-state>keyssoft</d:keyboard-state>
            <d:nav-state>navexposed</d:nav-state>
        </d:state>
    </d:device>

    <d:device>
        <d:name>
            3.3in WQVGA
        </d:name>
        <d:manufacturer>
            Generic
        </d:manufacturer>
        <d:hardware>
            <d:screen>
                <d:screen-size>normal</d:screen-size>
                <d:diagonal-length>3.3</d:diagonal-length>
                <d:pixel-density>ldpi</d:pixel-density>
                <d:screen-ratio>long</d:screen-ratio>
                <d:dimensions>
                    <d:x-dimension>240</d:x-dimension>
                    <d:y-dimension>400</d:y-dimension>
                </d:dimensions>
                <d:xdpi>141</d:xdpi>
                <d:ydpi>141</d:ydpi>
                <d:touch>
                    <d:multitouch>distinct</d:multitouch>
                    <d:mechanism>finger</d:mechanism>
                    <d:screen-type>capacitive</d:screen-type>
                </d:touch>
            </d:screen>
            <d:networking>
                Bluetooth
                Wifi
                NFC
            </d:networking>
            <d:sensors>
                Accelerometer
                Barometer
                Gyroscope
                Compass
                GPS
                ProximitySensor
            </d:sensors>
            <d:mic>true</d:mic>
            <d:camera>
                <d:location>back</d:location>
                <d:autofocus>true</d:autofocus>
                <d:flash>true</d:flash>
            </d:camera>
            <d:keyboard>nokeys</d:keyboard>
            <d:nav>nonav</d:nav>
            <d:ram unit="MiB">512</d:ram>
            <d:buttons>hard</d:buttons>
            <d:internal-storage unit="GiB">8</d:internal-storage>
            <d:removable-storage unit="MiB"></d:removable-storage>
            <d:cpu>OMAP 9001</d:cpu>
            <d:gpu>Ultra Nexus 3D S++</d:gpu>
            <d:abi>
                armeabi
                armeabi-v7a
                mips
                x86
            </d:abi>
            <d:dock>
                car
                television
                desk
            </d:dock>
            <d:power-type>battery</d:power-type>
        </d:hardware>

        <d:software>
            <d:api-level>-</d:api-level>
            <d:live-wallpaper-support>true</d:live-wallpaper-support>
            <d:bluetooth-profiles />
            <d:gl-version>2.1</d:gl-version>
            <d:gl-extensions />
            <d:status-bar>true</d:status-bar>
        </d:software>

        <d:state name="Portrait" default="true">
            <d:description>The phone in portrait view</d:description>
            <d:screen-orientation>port</d:screen-orientation>
            <d:keyboard-state>keyssoft</d:keyboard-state>
            <d:nav-state>navhidden</d:nav-state>
        </d:state>
        <d:state name="Landscape">
            <d:description>The phone in landscape view</d:description>
            <d:screen-orientation>land</d:screen-orientation>
            <d:keyboard-state>keyssoft</d:keyboard-state>
            <d:nav-state>navhidden</d:nav-state>
        </d:state>
    </d:device>
    <d:device>
        <d:name>
            3.4in WQVGA
        </d:name>
        <d:manufacturer>
            Generic
        </d:manufacturer>
        <d:hardware>
            <d:screen>
                <d:screen-size>normal</d:screen-size>
                <d:diagonal-length>3.4</d:diagonal-length>
                <d:pixel-density>ldpi</d:pixel-density>
                <d:screen-ratio>long</d:screen-ratio>
                <d:dimensions>
                    <d:x-dimension>240</d:x-dimension>
                    <d:y-dimension>432</d:y-dimension>
                </d:dimensions>
                <d:xdpi>145</d:xdpi>
                <d:ydpi>145</d:ydpi>
                <d:touch>
                    <d:multitouch>distinct</d:multitouch>
                    <d:mechanism>finger</d:mechanism>
                    <d:screen-type>capacitive</d:screen-type>
                </d:touch>
            </d:screen>
            <d:networking>
                Bluetooth
                Wifi
                NFC
            </d:networking>
            <d:sensors>
                Accelerometer
                Barometer
                Gyroscope
                Compass
                GPS
                ProximitySensor
            </d:sensors>
            <d:mic>true</d:mic>
            <d:camera>
                <d:location>back</d:location>
                <d:autofocus>true</d:autofocus>
                <d:flash>true</d:flash>
            </d:camera>
            <d:keyboard>nokeys</d:keyboard>
            <d:nav>nonav</d:nav>
            <d:ram unit="MiB">512</d:ram>
            <d:buttons>hard</d:buttons>
            <d:internal-storage unit="GiB">8</d:internal-storage>
            <d:removable-storage unit="MiB"></d:removable-storage>
            <d:cpu>OMAP 9001</d:cpu>
            <d:gpu>Ultra Nexus 3D S++</d:gpu>
            <d:abi>
                armeabi
                armeabi-v7a
                mips
                x86
            </d:abi>
            <d:dock>
                car
                television
                desk
            </d:dock>
            <d:power-type>battery</d:power-type>
        </d:hardware>

        <d:software>
            <d:api-level>-</d:api-level>
            <d:live-wallpaper-support>true</d:live-wallpaper-support>
            <d:bluetooth-profiles />
            <d:gl-version>2.1</d:gl-version>
            <d:gl-extensions />
            <d:status-bar>true</d:status-bar>
        </d:software>

        <d:state name="Portrait" default="true">
            <d:description>The phone in portrait view</d:description>
            <d:screen-orientation>port</d:screen-orientation>
            <d:keyboard-state>keyssoft</d:keyboard-state>
            <d:nav-state>navhidden</d:nav-state>
        </d:state>
        <d:state name="Landscape">
            <d:description>The phone in landscape view</d:description>
            <d:screen-orientation>land</d:screen-orientation>
            <d:keyboard-state>keyssoft</d:keyboard-state>
            <d:nav-state>navhidden</d:nav-state>
        </d:state>
    </d:device>

    <d:device>
        <d:name>
            3.7in WVGA (Nexus One)
        </d:name>
        <d:manufacturer>
            Generic
        </d:manufacturer>
        <d:hardware>
            <d:screen>
                <d:screen-size>normal</d:screen-size>
                <d:diagonal-length>3.4</d:diagonal-length>
                <d:pixel-density>hdpi</d:pixel-density>
                <d:screen-ratio>long</d:screen-ratio>
                <d:dimensions>
                    <d:x-dimension>480</d:x-dimension>
                    <d:y-dimension>800</d:y-dimension>
                </d:dimensions>
                <d:xdpi>254</d:xdpi>
                <d:ydpi>254</d:ydpi>
                <d:touch>
                    <d:multitouch>distinct</d:multitouch>
                    <d:mechanism>finger</d:mechanism>
                    <d:screen-type>capacitive</d:screen-type>
                </d:touch>
            </d:screen>
            <d:networking>
                Bluetooth
                Wifi
                NFC
            </d:networking>
            <d:sensors>
                Accelerometer
                Barometer
                Gyroscope
                Compass
                GPS
                ProximitySensor
            </d:sensors>
            <d:mic>true</d:mic>
            <d:camera>
                <d:location>back</d:location>
                <d:autofocus>true</d:autofocus>
                <d:flash>true</d:flash>
            </d:camera>
            <d:keyboard>nokeys</d:keyboard>
            <d:nav>trackball</d:nav>
            <d:ram unit="MiB">512</d:ram>
            <d:buttons>hard</d:buttons>
            <d:internal-storage unit="GiB">8</d:internal-storage>
            <d:removable-storage unit="MiB"></d:removable-storage>
            <d:cpu>OMAP 9001</d:cpu>
            <d:gpu>Ultra Nexus 3D S++</d:gpu>
            <d:abi>
                armeabi
                armeabi-v7a
                mips
                x86
            </d:abi>
            <d:dock>
                car
                television
                desk
            </d:dock>
            <d:power-type>battery</d:power-type>
        </d:hardware>

        <d:software>
            <d:api-level>-</d:api-level>
            <d:live-wallpaper-support>true</d:live-wallpaper-support>
            <d:bluetooth-profiles />
            <d:gl-version>2.1</d:gl-version>
            <d:gl-extensions />
            <d:status-bar>true</d:status-bar>
        </d:software>

        <d:state name="Portrait" default="true">
            <d:description>The phone in portrait view</d:description>
            <d:screen-orientation>port</d:screen-orientation>
            <d:keyboard-state>keyssoft</d:keyboard-state>
            <d:nav-state>navexposed</d:nav-state>
        </d:state>
        <d:state name="Landscape">
            <d:description>The phone in landscape view</d:description>
            <d:screen-orientation>land</d:screen-orientation>
            <d:keyboard-state>keyssoft</d:keyboard-state>
            <d:nav-state>navexposed</d:nav-state>
        </d:state>
    </d:device>

    <d:device>
        <d:name>
            3.7 FWVGA slider
        </d:name>
        <d:manufacturer>
            Generic
        </d:manufacturer>
        <d:hardware>
            <d:screen>
                <d:screen-size>normal</d:screen-size>
                <d:diagonal-length>3.7</d:diagonal-length>
                <d:pixel-density>hdpi</d:pixel-density>
                <d:screen-ratio>long</d:screen-ratio>
                <d:dimensions>
                    <d:x-dimension>480</d:x-dimension>
                    <d:y-dimension>854</d:y-dimension>
                </d:dimensions>
                <d:xdpi>265</d:xdpi>
                <d:ydpi>265</d:ydpi>
                <d:touch>
                    <d:multitouch>distinct</d:multitouch>
                    <d:mechanism>finger</d:mechanism>
                    <d:screen-type>capacitive</d:screen-type>
                </d:touch>
            </d:screen>
            <d:networking>
                Bluetooth
                Wifi
                NFC
            </d:networking>
            <d:sensors>
                Accelerometer
                Barometer
                Gyroscope
                Compass
                GPS
                ProximitySensor
            </d:sensors>
            <d:mic>true</d:mic>
            <d:camera>
                <d:location>back</d:location>
                <d:autofocus>true</d:autofocus>
                <d:flash>true</d:flash>
            </d:camera>
            <d:keyboard>qwerty</d:keyboard>
            <d:nav>nonav</d:nav>
            <d:ram unit="MiB">512</d:ram>
            <d:buttons>hard</d:buttons>
            <d:internal-storage unit="GiB">8</d:internal-storage>
            <d:removable-storage unit="MiB"></d:removable-storage>
            <d:cpu>OMAP 9001</d:cpu>
            <d:gpu>Ultra Nexus 3D S++</d:gpu>
            <d:abi>
                armeabi
                armeabi-v7a
                mips
                x86
            </d:abi>
            <d:dock>
                car
                television
                desk
            </d:dock>
            <d:power-type>battery</d:power-type>
        </d:hardware>

        <d:software>
            <d:api-level>-</d:api-level>
            <d:live-wallpaper-support>true</d:live-wallpaper-support>
            <d:bluetooth-profiles />
            <d:gl-version>2.1</d:gl-version>
            <d:gl-extensions />
            <d:status-bar>true</d:status-bar>
        </d:software>

        <d:state name="Portrait" default="true">
            <d:description>The phone in portrait view</d:description>
            <d:screen-orientation>port</d:screen-orientation>
            <d:keyboard-state>keyshidden</d:keyboard-state>
            <d:nav-state>navhidden</d:nav-state>
        </d:state>
        <d:state name="Landscape, closed">
            <d:description>The phone in landscape view with the keyboard closed</d:description>
            <d:screen-orientation>land</d:screen-orientation>
            <d:keyboard-state>keyshidden</d:keyboard-state>
            <d:nav-state>navhidden</d:nav-state>
        </d:state>
        <d:state name="Landscape, open">
            <d:description>The phone in landscape view with the keyboard open</d:description>
            <d:screen-orientation>land</d:screen-orientation>
            <d:keyboard-state>keysexposed</d:keyboard-state>
            <d:nav-state>navexposed</d:nav-state>
        </d:state>
    </d:device>

    <d:device>
        <d:name>
            4in WVGA (Nexus S)
        </d:name>
        <d:manufacturer>
            Generic
        </d:manufacturer>
        <d:hardware>
            <d:screen>
                <d:screen-size>normal</d:screen-size>
                <d:diagonal-length>4.0</d:diagonal-length>
                <d:pixel-density>hdpi</d:pixel-density>
                <d:screen-ratio>long</d:screen-ratio>
                <d:dimensions>
                    <d:x-dimension>480</d:x-dimension>
                    <d:y-dimension>800</d:y-dimension>
                </d:dimensions>
                <d:xdpi>235</d:xdpi>
                <d:ydpi>235</d:ydpi>
                <d:touch>
                    <d:multitouch>distinct</d:multitouch>
                    <d:mechanism>finger</d:mechanism>
                    <d:screen-type>capacitive</d:screen-type>
                </d:touch>
            </d:screen>
            <d:networking>
                Bluetooth
                Wifi
                NFC
            </d:networking>
            <d:sensors>
                Accelerometer
                Barometer
                Gyroscope
                Compass
                GPS
                ProximitySensor
            </d:sensors>
            <d:mic>true</d:mic>
            <d:camera>
                <d:location>back</d:location>
                <d:autofocus>true</d:autofocus>
                <d:flash>true</d:flash>
            </d:camera>
            <d:keyboard>nokeys</d:keyboard>
            <d:nav>nonav</d:nav>
            <d:ram unit="MiB">512</d:ram>
            <d:buttons>hard</d:buttons>
            <d:internal-storage unit="GiB">8</d:internal-storage>
            <d:removable-storage unit="MiB"></d:removable-storage>
            <d:cpu>OMAP 9001</d:cpu>
            <d:gpu>Ultra Nexus 3D S++</d:gpu>
            <d:abi>
                armeabi
                armeabi-v7a
                mips
                x86
            </d:abi>
            <d:dock>
                car
                television
                desk
            </d:dock>
            <d:power-type>battery</d:power-type>
        </d:hardware>

        <d:software>
            <d:api-level>-</d:api-level>
            <d:live-wallpaper-support>true</d:live-wallpaper-support>
            <d:bluetooth-profiles />
            <d:gl-version>2.1</d:gl-version>
            <d:gl-extensions />
            <d:status-bar>true</d:status-bar>
        </d:software>

        <d:state name="Portrait" default="true">
            <d:description>The phone in portrait view</d:description>
            <d:screen-orientation>port</d:screen-orientation>
            <d:keyboard-state>keyssoft</d:keyboard-state>
            <d:nav-state>navhidden</d:nav-state>
        </d:state>
        <d:state name="Landscape">
            <d:description>The phone in landscape view</d:description>
            <d:screen-orientation>land</d:screen-orientation>
            <d:keyboard-state>keyssoft</d:keyboard-state>
            <d:nav-state>navhidden</d:nav-state>
        </d:state>
    </d:device>

    <d:device>
        <d:name>
            4.65in 720p (Galaxy Nexus)
        </d:name>
        <d:manufacturer>
            Generic
        </d:manufacturer>
        <d:hardware>
            <d:screen>
                <d:screen-size>normal</d:screen-size>
                <d:diagonal-length>4.65</d:diagonal-length> <!-- In inches -->
                <d:pixel-density>xhdpi</d:pixel-density>
                <d:screen-ratio>long</d:screen-ratio>
                <d:dimensions>
                    <d:x-dimension>720</d:x-dimension>
                    <d:y-dimension>1280</d:y-dimension>
                </d:dimensions>
                <d:xdpi>316</d:xdpi>
                <d:ydpi>316</d:ydpi>
                <d:touch>
                    <d:multitouch>jazz-hands</d:multitouch>
                    <d:mechanism>finger</d:mechanism>
                    <d:screen-type>capacitive</d:screen-type>
                </d:touch>
            </d:screen>
            <d:networking>
                Bluetooth
                Wifi
                NFC
            </d:networking>
            <d:sensors>
                Accelerometer
                Barometer
                Gyroscope
                Compass
                GPS
                ProximitySensor
            </d:sensors>
            <d:mic>true</d:mic>
            <d:camera>
                <d:location>front</d:location>
                <d:autofocus>true</d:autofocus>
                <d:flash>false</d:flash>
            </d:camera>
            <d:camera>
                <d:location>back</d:location>
                <d:autofocus>true</d:autofocus>
                <d:flash>true</d:flash>
            </d:camera>
            <d:keyboard>nokeys</d:keyboard>
            <d:nav>nonav</d:nav>
            <d:ram unit="GiB">1</d:ram>
            <d:buttons>soft</d:buttons>
            <d:internal-storage unit="GiB">16</d:internal-storage>
            <d:removable-storage unit="KiB"></d:removable-storage>
            <d:cpu>OMAP 4460</d:cpu> <!-- cpu type (Tegra3) freeform -->
            <d:gpu>PowerVR SGX540</d:gpu>
            <d:abi>
                armeabi
                armeabi-v7a
            </d:abi>
            <!--dock (car, desk, tv, none)-->
            <d:dock>
                car
                desk
            </d:dock>
            <!-- plugged in (never, charge, always) -->
            <d:power-type>battery</d:power-type>
        </d:hardware>
        <d:software>
            <d:api-level>14-</d:api-level>
            <d:live-wallpaper-support>true</d:live-wallpaper-support>
            <d:bluetooth-profiles>
                HSP
                HFP
                SPP
                A2DP
                AVRCP
                OPP
                PBAP
                GAVDP
                AVDTP
                HID
                HDP
                PAN
            </d:bluetooth-profiles>
            <d:gl-version>2.0</d:gl-version>
            <!--
             These can be gotten via
             javax.microedition.khronos.opengles.GL10.glGetString(GL10.GL_EXTENSIONS);
            -->
            <d:gl-extensions>
                GL_EXT_discard_framebuffer
                GL_EXT_multi_draw_arrays
                GL_EXT_shader_texture_lod
                GL_EXT_texture_format_BGRA8888
                GL_IMG_multisampled_render_to_texture
                GL_IMG_program_binary
                GL_IMG_read_format
                GL_IMG_shader_binary
                GL_IMG_texture_compression_pvrtc
                GL_IMG_texture_format_BGRA8888
                GL_IMG_texture_npot
                GL_OES_compressed_ETC1_RGB8_texture
                GL_OES_depth_texture
                GL_OES_depth24
                GL_OES_EGL_image
                GL_OES_EGL_image_external
                GL_OES_egl_sync
                GL_OES_element_index_uint
                GL_OES_fragment_precision_high
                GL_OES_get_program_binary
                GL_OES_mapbuffer
                GL_OES_packed_depth_stencil
                GL_OES_required_internalformat
                GL_OES_rgb8_rgba8
                GL_OES_standard_derivatives
                GL_OES_texture_float
                GL_OES_texture_half_float
                GL_OES_vertex_array_object
                GL_OES_vertex_half_float
            </d:gl-extensions>
            <d:status-bar>true</d:status-bar>
        </d:software>
        <d:state name="Portrait" default="true">
            <d:description>The phone in portrait view</d:description>
            <d:screen-orientation>port</d:screen-orientation>
            <d:keyboard-state>keyssoft</d:keyboard-state>
            <d:nav-state>nonav</d:nav-state>
        </d:state>
        <d:state name="Landscape">
            <d:description>The phone in landscape view</d:description>
            <d:screen-orientation>land</d:screen-orientation>
            <d:keyboard-state>keyssoft</d:keyboard-state>
            <d:nav-state>nonav</d:nav-state>
        </d:state>
    </d:device>

    <d:device>
        <d:name>
            4.7in WXGA
        </d:name>
        <d:manufacturer>
            Generic
        </d:manufacturer>
        <d:hardware>
            <d:screen>
                <d:screen-size>normal</d:screen-size>
                <d:diagonal-length>4.7</d:diagonal-length>
                <d:pixel-density>xhdpi</d:pixel-density>
                <d:screen-ratio>long</d:screen-ratio>
                <d:dimensions>
                    <d:x-dimension>1280</d:x-dimension>
                    <d:y-dimension>720</d:y-dimension>
                </d:dimensions>
                <d:xdpi>320</d:xdpi>
                <d:ydpi>320</d:ydpi>
                <d:touch>
                    <d:multitouch>distinct</d:multitouch>
                    <d:mechanism>finger</d:mechanism>
                    <d:screen-type>capacitive</d:screen-type>
                </d:touch>
            </d:screen>
            <d:networking>
                Bluetooth
                Wifi
                NFC
            </d:networking>
            <d:sensors>
                Accelerometer
                Barometer
                Gyroscope
                Compass
                GPS
                ProximitySensor
            </d:sensors>
            <d:mic>true</d:mic>
            <d:camera>
                <d:location>back</d:location>
                <d:autofocus>true</d:autofocus>
                <d:flash>true</d:flash>
            </d:camera>
            <d:keyboard>nokeys</d:keyboard>
            <d:nav>nonav</d:nav>
            <d:ram unit="MiB">512</d:ram>
            <d:buttons>hard</d:buttons>
            <d:internal-storage unit="GiB">8</d:internal-storage>
            <d:removable-storage unit="MiB"></d:removable-storage>
            <d:cpu>OMAP 9001</d:cpu>
            <d:gpu>Ultra Nexus 3D S++</d:gpu>
            <d:abi>
                armeabi
                armeabi-v7a
                mips
                x86
            </d:abi>
            <d:dock>
                car
                television
                desk
            </d:dock>
            <d:power-type>battery</d:power-type>
        </d:hardware>

        <d:software>
            <d:api-level>-</d:api-level>
            <d:live-wallpaper-support>true</d:live-wallpaper-support>
            <d:bluetooth-profiles />
            <d:gl-version>2.1</d:gl-version>
            <d:gl-extensions />
            <d:status-bar>true</d:status-bar>
        </d:software>

        <d:state name="Portrait" default="true">
            <d:description>The phone in portrait view</d:description>
            <d:screen-orientation>port</d:screen-orientation>
            <d:keyboard-state>keyssoft</d:keyboard-state>
            <d:nav-state>navhidden</d:nav-state>
        </d:state>
        <d:state name="Landscape">
            <d:description>The phone in landscape view</d:description>
            <d:screen-orientation>land</d:screen-orientation>
            <d:keyboard-state>keyssoft</d:keyboard-state>
            <d:nav-state>navhidden</d:nav-state>
        </d:state>
    </d:device>

    <d:device>
        <d:name>
            5.1in WVGA
        </d:name>
        <d:manufacturer>
            Generic
        </d:manufacturer>
        <d:hardware>
            <d:screen>
                <d:screen-size>large</d:screen-size>
                <d:diagonal-length>5.1</d:diagonal-length>
                <d:pixel-density>mdpi</d:pixel-density>
                <d:screen-ratio>long</d:screen-ratio>
                <d:dimensions>
                    <d:x-dimension>480</d:x-dimension>
                    <d:y-dimension>800</d:y-dimension>
                </d:dimensions>
                <d:xdpi>183</d:xdpi>
                <d:ydpi>183</d:ydpi>
                <d:touch>
                    <d:multitouch>distinct</d:multitouch>
                    <d:mechanism>finger</d:mechanism>
                    <d:screen-type>capacitive</d:screen-type>
                </d:touch>
            </d:screen>
            <d:networking>
                Bluetooth
                Wifi
                NFC
            </d:networking>
            <d:sensors>
                Accelerometer
                Barometer
                Gyroscope
                Compass
                GPS
                ProximitySensor
            </d:sensors>
            <d:mic>true</d:mic>
            <d:camera>
                <d:location>back</d:location>
                <d:autofocus>true</d:autofocus>
                <d:flash>true</d:flash>
            </d:camera>
            <d:keyboard>nokeys</d:keyboard>
            <d:nav>nonav</d:nav>
            <d:ram unit="MiB">512</d:ram>
            <d:buttons>hard</d:buttons>
            <d:internal-storage unit="GiB">8</d:internal-storage>
            <d:removable-storage unit="MiB"></d:removable-storage>
            <d:cpu>OMAP 9001</d:cpu>
            <d:gpu>Ultra Nexus 3D S++</d:gpu>
            <d:abi>
                armeabi
                armeabi-v7a
                mips
                x86
            </d:abi>
            <d:dock>
                car
                television
                desk
            </d:dock>
            <d:power-type>battery</d:power-type>
        </d:hardware>

        <d:software>
            <d:api-level>-</d:api-level>
            <d:live-wallpaper-support>true</d:live-wallpaper-support>
            <d:bluetooth-profiles />
            <d:gl-version>2.1</d:gl-version>
            <d:gl-extensions />
            <d:status-bar>true</d:status-bar>
        </d:software>

        <d:state name="Portrait" default="true">
            <d:description>The phone in portrait view</d:description>
            <d:screen-orientation>port</d:screen-orientation>
            <d:keyboard-state>keyssoft</d:keyboard-state>
            <d:nav-state>navhidden</d:nav-state>
        </d:state>
        <d:state name="Landscape">
            <d:description>The phone in landscape view</d:description>
            <d:screen-orientation>land</d:screen-orientation>
            <d:keyboard-state>keyssoft</d:keyboard-state>
            <d:nav-state>navhidden</d:nav-state>
        </d:state>
    </d:device>

    <d:device>
        <d:name>
            5.4in FWVGA
        </d:name>
        <d:manufacturer>
            Generic
        </d:manufacturer>
        <d:hardware>
            <d:screen>
                <d:screen-size>large</d:screen-size>
                <d:diagonal-length>5.4</d:diagonal-length>
                <d:pixel-density>mdpi</d:pixel-density>
                <d:screen-ratio>long</d:screen-ratio>
                <d:dimensions>
                    <d:x-dimension>480</d:x-dimension>
                    <d:y-dimension>854</d:y-dimension>
                </d:dimensions>
                <d:xdpi>181</d:xdpi>
                <d:ydpi>181</d:ydpi>
                <d:touch>
                    <d:multitouch>distinct</d:multitouch>
                    <d:mechanism>finger</d:mechanism>
                    <d:screen-type>capacitive</d:screen-type>
                </d:touch>
            </d:screen>
            <d:networking>
                Bluetooth
                Wifi
                NFC
            </d:networking>
            <d:sensors>
                Accelerometer
                Barometer
                Gyroscope
                Compass
                GPS
                ProximitySensor
            </d:sensors>
            <d:mic>true</d:mic>
            <d:camera>
                <d:location>back</d:location>
                <d:autofocus>true</d:autofocus>
                <d:flash>true</d:flash>
            </d:camera>
            <d:keyboard>nokeys</d:keyboard>
            <d:nav>nonav</d:nav>
            <d:ram unit="MiB">512</d:ram>
            <d:buttons>hard</d:buttons>
            <d:internal-storage unit="GiB">8</d:internal-storage>
            <d:removable-storage unit="MiB"></d:removable-storage>
            <d:cpu>OMAP 9001</d:cpu>
            <d:gpu>Ultra Nexus 3D S++</d:gpu>
            <d:abi>
                armeabi
                armeabi-v7a
                mips
                x86
            </d:abi>
            <d:dock>
                car
                television
                desk
            </d:dock>
            <d:power-type>battery</d:power-type>
        </d:hardware>

        <d:software>
            <d:api-level>-</d:api-level>
            <d:live-wallpaper-support>true</d:live-wallpaper-support>
            <d:bluetooth-profiles />
            <d:gl-version>2.1</d:gl-version>
            <d:gl-extensions />
            <d:status-bar>true</d:status-bar>
        </d:software>

        <d:state name="Portrait" default="true">
            <d:description>The phone in portrait view</d:description>
            <d:screen-orientation>port</d:screen-orientation>
            <d:keyboard-state>keyssoft</d:keyboard-state>
            <d:nav-state>navhidden</d:nav-state>
        </d:state>
        <d:state name="Landscape">
            <d:description>The phone in landscape view</d:description>
            <d:screen-orientation>land</d:screen-orientation>
            <d:keyboard-state>keyssoft</d:keyboard-state>
            <d:nav-state>navhidden</d:nav-state>
        </d:state>
    </d:device>

    <d:device>
        <d:name>
            7in WSVGA (Tablet)
        </d:name>
        <d:manufacturer>
            Generic
        </d:manufacturer>
        <d:hardware>
            <d:screen>
                <d:screen-size>large</d:screen-size>
                <d:diagonal-length>7.0</d:diagonal-length>
                <d:pixel-density>mdpi</d:pixel-density>
                <d:screen-ratio>long</d:screen-ratio>
                <d:dimensions>
                    <d:x-dimension>1024</d:x-dimension>
                    <d:y-dimension>600</d:y-dimension>
                </d:dimensions>
                <d:xdpi>169</d:xdpi>
                <d:ydpi>169</d:ydpi>
                <d:touch>
                    <d:multitouch>distinct</d:multitouch>
                    <d:mechanism>finger</d:mechanism>
                    <d:screen-type>capacitive</d:screen-type>
                </d:touch>
            </d:screen>
            <d:networking>
                Bluetooth
                Wifi
                NFC
            </d:networking>
            <d:sensors>
                Accelerometer
                Barometer
                Gyroscope
                Compass
                GPS
                ProximitySensor
            </d:sensors>
            <d:mic>true</d:mic>
            <d:camera>
                <d:location>front</d:location>
                <d:autofocus>true</d:autofocus>
                <d:flash>true</d:flash>
            </d:camera>
            <d:keyboard>nokeys</d:keyboard>
            <d:nav>nonav</d:nav>
            <d:ram unit="MiB">512</d:ram>
            <d:buttons>soft</d:buttons>
            <d:internal-storage unit="GiB">8</d:internal-storage>
            <d:removable-storage unit="MiB"></d:removable-storage>
            <d:cpu>OMAP 9001</d:cpu>
            <d:gpu>Ultra Nexus 3D S++</d:gpu>
            <d:abi>
                armeabi
                armeabi-v7a
                mips
                x86
            </d:abi>
            <d:dock>
                car
                television
                desk
            </d:dock>
            <d:power-type>battery</d:power-type>
        </d:hardware>

        <d:software>
            <d:api-level>-</d:api-level>
            <d:live-wallpaper-support>true</d:live-wallpaper-support>
            <d:bluetooth-profiles />
            <d:gl-version>2.1</d:gl-version>
            <d:gl-extensions />
            <d:status-bar>true</d:status-bar>
        </d:software>

        <d:state name="Portrait" default="true">
            <d:description>The phone in portrait view</d:description>
            <d:screen-orientation>port</d:screen-orientation>
            <d:keyboard-state>keyssoft</d:keyboard-state>
            <d:nav-state>navhidden</d:nav-state>
        </d:state>
        <d:state name="Landscape">
            <d:description>The phone in landscape view</d:description>
            <d:screen-orientation>land</d:screen-orientation>
            <d:keyboard-state>keyssoft</d:keyboard-state>
            <d:nav-state>navhidden</d:nav-state>
        </d:state>
    </d:device>


    <d:device>
        <d:name>
            10.1in WXGA (Tablet)
        </d:name>
        <d:manufacturer>
            Generic
        </d:manufacturer>
        <d:hardware>
            <d:screen>
                <d:screen-size>xlarge</d:screen-size>
                <d:diagonal-length>10.1</d:diagonal-length>
                <d:pixel-density>mdpi</d:pixel-density>
                <d:screen-ratio>long</d:screen-ratio>
                <d:dimensions>
                    <d:x-dimension>1280</d:x-dimension>
                    <d:y-dimension>800</d:y-dimension>
                </d:dimensions>
                <d:xdpi>149</d:xdpi>
                <d:ydpi>149</d:ydpi>
                <d:touch>
                    <d:multitouch>distinct</d:multitouch>
                    <d:mechanism>finger</d:mechanism>
                    <d:screen-type>capacitive</d:screen-type>
                </d:touch>
            </d:screen>
            <d:networking>
                Bluetooth
                Wifi
                NFC
            </d:networking>
            <d:sensors>
                Accelerometer
                Barometer
                Gyroscope
                Compass
                GPS
                ProximitySensor
            </d:sensors>
            <d:mic>true</d:mic>
            <d:camera>
                <d:location>front</d:location>
                <d:autofocus>true</d:autofocus>
                <d:flash>true</d:flash>
            </d:camera>
            <d:camera>
                <d:location>back</d:location>
                <d:autofocus>true</d:autofocus>
                <d:flash>true</d:flash>
            </d:camera>
            <d:keyboard>nokeys</d:keyboard>
            <d:nav>nonav</d:nav>
            <d:ram unit="MiB">512</d:ram>
            <d:buttons>soft</d:buttons>
            <d:internal-storage unit="GiB">8</d:internal-storage>
            <d:removable-storage unit="MiB"></d:removable-storage>
            <d:cpu>OMAP 9001</d:cpu>
            <d:gpu>Ultra Nexus 3D S++</d:gpu>
            <d:abi>
                armeabi
                armeabi-v7a
                mips
                x86
            </d:abi>
            <d:dock>
                car
                television
                desk
            </d:dock>
            <d:power-type>battery</d:power-type>
        </d:hardware>

        <d:software>
            <d:api-level>-</d:api-level>
            <d:live-wallpaper-support>true</d:live-wallpaper-support>
            <d:bluetooth-profiles />
            <d:gl-version>2.1</d:gl-version>
            <d:gl-extensions />
            <d:status-bar>true</d:status-bar>
        </d:software>

        <d:state name="Portrait" default="true">
            <d:description>The phone in portrait view</d:description>
            <d:screen-orientation>port</d:screen-orientation>
            <d:keyboard-state>keyssoft</d:keyboard-state>
            <d:nav-state>navhidden</d:nav-state>
        </d:state>
        <d:state name="Landscape">
            <d:description>The phone in landscape view</d:description>
            <d:screen-orientation>land</d:screen-orientation>
            <d:keyboard-state>keyssoft</d:keyboard-state>
            <d:nav-state>navhidden</d:nav-state>
        </d:state>
    </d:device>
</d:devices>
